,Time,Susceptible,Infected,Resistant
0,0.0,10000.0,100.0,5.0
1,1.0,9925.153004477981,103.2480455220188,5.965
2,2.0,9850.671061905732,106.59904394954899,6.955725455220188
3,3.0,9776.546795979977,110.05607095313555,7.9730258165291366
4,4.0,9702.77275172816,113.62228018581682,9.017775345344788
5,5.0,9629.341393817915,117.30090419887941,10.090873719785542
6,6.0,9556.245104943879,121.09525527652761,11.193246645735838
7,7.0,9483.476184302252,125.00872617991638,12.325846471980963
8,8.0,9411.026846164237,129.04479079032663,13.489652808476261
9,9.0,9338.889218560318,133.20700464055844,14.685673146720193
10,10.0,9267.055342088148,137.499005322882,15.914943481098737
11,11.0,9195.517168857712,141.92451276111936,17.178528929959864
12,12.0,9124.266561588365,146.48732933362894,18.47752435506134
13,13.0,9053.295292873221,151.19133983313435,19.813054977912202
14,14.0,8982.59504462748,156.04051124847658,21.186276991398163
15,15.0,8912.157407738194,161.03889235247652,22.598378164943142
16,16.0,8841.973881934116,166.19061307917605,24.050578441313306
17,17.0,8772.035875895363,171.4998836727788,25.544130523015873
18,18.0,8702.334707623693,176.97099358964383,27.08032044608255
19,19.0,8632.861605095468,182.60831013369523,28.660468138856412
20,20.0,8563.607707220452,188.4162768046043,30.28592796322137
21,21.0,8494.564065130871,194.39941133708305,31.958089235524866
22,22.0,8425.721643826364,200.56230340860117,33.678376724247016
23,23.0,8357.07132420166,206.90961199181237,35.448251121263304
24,24.0,8288.603905485119,213.44606232695415,37.26920948333258
25,25.0,8220.310108117414,220.17644248847762,39.14278564021879
26,26.0,8152.180577100949,227.10559951917804,41.070550565622035
27,27.0,8084.205885851723,234.23843510414386,43.05411270685446
28,28.0,8016.376540586538,241.579900755933,45.09511826894792
29,29.0,7948.682985279579,249.13499248153113,47.19525144862462
30,30.0,7881.115607223394,256.90874490086475,49.356234613299556
31,31.0,7813.664743230303,264.9062247859442,51.579828420015104
32,32.0,7746.320686511122,273.13252398911646,53.86783186893444
33,33.0,7679.073694268834,281.5927517284367,56.22208228574306
34,34.0,7611.913996045455,290.2920261978322,58.64445522702723
35,35.0,7544.831802860814,299.23546546956686,61.13686430241636
36,36.0,7477.817317182166,308.42817765653285,63.70126090699512
37,37.0,7410.860743763695,317.8752503021257,66.33963385721148
38,38.0,7343.9523013946855,327.5817389659328,69.05400892323226
39,39.0,7277.082235594725,337.5526549742031,71.84644825042896
40,40.0,7210.240832293484,347.7929523051067,74.719049662418
41,41.0,7143.418432531531,358.30751358016096,77.67394583783215
42,42.0,7076.605448217091,369.10113513493684,80.71330335276893
43,43.0,7009.792378971791,380.1785111442906,83.83932158064893
44,44.0,6942.969830096007,391.5442167799354,87.0542314410273
45,45.0,6876.12853168159,403.20269038120415,90.36029398873946
46,46.0,6809.259358896301,415.15821462340193,93.75979883463032
47,47.0,6742.353353460323,427.41489667223146,97.25506238902193
48,48.0,6675.401746330586,439.9766473174426,100.8484259190211
49,49.0,6608.395981603382,452.8471590841318,104.54225341076237
50,50.0,6541.3277416397605,466.0298833260408,108.33892922772836
51,51.0,6474.188973411528,479.5280063117941,112.24085555639468
52,52.0,6406.971916058185,493.3444243223091,116.25044963061785
53,53.0,6339.669129636887,507.4817177856211,120.37014072642661
54,54.0,6272.273525038467,521.9421244841093,124.60236691919785
55,55.0,6204.778395032645,536.7275118785967,128.94957159560454
56,56.0,6137.177446394837,551.8393486040248,133.41419971322125
57,57.0,6069.464833055413,567.2786752023635,137.99869380126896
58,58.0,6001.635190199874,583.0460741700937,142.7054896966837
59,59.0,5933.683669235263,599.1416394099545,147.53701201050785
60,60.0,5865.605973524165,615.5649451896419,152.49566932053384
61,61.0,5797.3983947730785,632.3150147237155,157.5838490871865
62,62.0,5729.057849946625,649.3902885090405,162.80391229081337
63,63.0,5660.581918563316,666.7885925585757,168.15818778986807
64,64.0,5591.968880212345,684.5071066930971,173.64896640092473
65,65.0,5523.217752114316,702.54233306539,179.27849470304923
66,66.0,5454.328326532182,720.8900651064109,185.0489685707818
67,67.0,5385.301207821932,739.5453570977285,190.96252644185043
68,68.0,5316.137848896133,758.5024945890265,197.02124232773477
69,69.0,5246.840586857368,777.7549658933626,203.22711857733088
70,70.0,5177.412677543242,797.2954349060135,209.5820784062232
71,71.0,5107.858328710118,817.1157155048413,216.08795820643977
72,72.0,5038.1827315695045,837.2067478009262,222.7464996540431
73,73.0,4968.392090379164,857.558576517455,229.55934163447407
74,74.0,4898.493649781008,878.1603317822465,236.5280120082073
75,75.0,4828.495719569888,899.000212624537,243.65391924197232
76,76.0,4758.407696571881,920.0654734694509,250.9383439335239
77,77.0,4688.240083307828,941.3424139236603,258.38243026068375
78,78.0,4618.004503118112,962.8163721427949,265.9871773880956
79,79.0,4547.713711428222,984.4717220649567,273.75343086780686
80,80.0,4477.381602841756,1006.2918747849644,281.6818740723818
81,81.0,4407.023213758504,1028.2592843304965,289.77301970172476
82,82.0,4336.654720230301,1050.35545808395,298.0272014071176
83,83.0,4266.29343078656,1072.5609720724492,306.44456557810724
84,84.0,4195.957773985001,1094.8554913229557,315.025063339785
85,85.0,4125.667280471025,1117.2177954498334,323.76844280963604
86,86.0,4055.442559361535,1139.6258096085662,332.67424166446693
87,87.0,3985.305268805596,1162.0566409117355,341.74178006890133
88,88.0,3915.278080615045,1184.4866203620456,350.9701540175364
89,89.0,3845.3846389027567,1206.8913503124236,360.3582291430341
90,90.0,3775.64951271435,1229.245757415384,369.9046350421571
91,91.0,3706.0981426903318,1251.5241509733921,379.60776017101585
92,92.0,3636.7567818494695,1273.7002865494128,389.46574735955267
93,93.0,3567.6524306399538,1295.7474346427998,399.4764899935299
94,94.0,3498.81276646205,1317.6384541808486,409.63762891000323
95,95.0,3430.2660679236506,1339.345870521435,419.94655004944167
96,96.0,3362.0411341476483,1360.841957607992,430.40038290430994
97,97.0,3294.167199506571,1382.0988238654463,440.9959998000597
98,98.0,3226.6738442144815,1403.0885013755087,451.73001604011375
99,99.0,3159.5909012579973,1423.783037822724,462.59879094158805
100,100.0,3092.9483601964403,1444.1545906597887,473.59842978322416
101,101.0,3026.776268404817,1464.175522902627,484.7247866813395
102,102.0,2961.104630371696,1483.8184999333494,495.97346840359637
103,103.0,2895.9633056963958,1503.0565866631682,507.33983912410474
104,104.0,2831.381906455499,1521.863344388231,518.8190261168677
105,105.0,2767.3896946270943,1540.2129266596173,530.4059263779319
106,106.0,2704.0154802717543,1558.0801734848305,542.0952141598825
107,107.0,2641.2875211718906,1575.4407031822293,553.8813493956116
108,108.0,2579.2334246254745,1592.2710012220814,565.7585869816646
109,109.0,2517.880052076269,1608.5485054082617,577.7209868850138
110,110.0,2457.253427240652,1624.251686782848,589.7624250309012
111,111.0,2397.378648361229,1639.3601256716688,601.8766049235135
112,112.0,2338.279805180006,1653.8545823317343,614.0570699457655
113,113.0,2279.979901179556,1667.7170617108598,626.2972162794625
114,114.0,2222.50078158997,1680.9308718848959,638.5903063826148
115,115.0,2165.8630676032562,1693.480675798035,650.9294829567854
116,116.0,2110.086097176059,1705.3525359957068,663.3077833340683
117,117.0,2055.1878727371018,1716.5339521066696,675.718154210687
118,118.0,2001.1850160485901,1727.0138908999986,688.1534666522789
119,119.0,1948.0927304019465,1736.782808812738,700.606531294713
120,120.0,1895.924770258776,1745.8326669139833,713.0701136637774
121,121.0,1844.6934183788421,1754.1569383400765,725.5369495372709
122,122.0,1794.4094704090921,1761.750608302456,737.9997602739107
123,123.0,1745.0822268423171,1768.6101668336153,750.4512680350178
124,124.0,1696.7194921917323,1774.7335944967494,762.8842108271089
125,125.0,1649.3275811693818,1780.1203413402884,775.2913572962866
126,126.0,1602.911331602482,1784.771299429016,787.6655212086155
127,127.0,1557.4741237731773,1788.6887693283325,799.9995755544453
128,128.0,1513.0179058241365,1791.8764209570656,812.2864662188475
129,129.0,1469.5432248352972,1794.339249256796,824.5192251648863
130,130.0,1427.0492631460788,1796.0835251517942,836.6909830813
131,131.0,1385.5338794726201,1797.1167422933636,848.7949814512489
132,132.0,1344.9936543510505,1797.4475600956698,860.8245840040238
133,133.0,1305.4239394253455,1797.0857435772755,872.7732875169523
134,134.0,1266.8189100917439,1796.042100523791,884.6347319401063
135,135.0,1229.1716210107259,1794.3284164826878,896.4027098217634
136,136.0,1192.4740640017983,1791.9573880918076,908.071175017838
137,137.0,1156.7172278453936,1788.9425552289101,919.6342506736312
138,138.0,1121.8911595295965,1785.2982324512354,931.0862364712049
139,139.0,1087.985026496671,1781.0394401720673,942.4216151404188
140,140.0,1054.9871794649555,1776.181835996199,953.6350582361566
141,141.0,1022.8852154251013,1770.7416466086,964.7214311884655
142,142.0,991.666040435326,1764.7356005809854,975.6757976362322
143,143.0,961.3159318678331,1758.1808624299406,986.4934230585885
144,144.0,931.8205997873151,1751.0949682282483,997.1697777214778
145,145.0,903.1652471720505,1743.4957630385788,1007.7005389597099
146,146.0,875.3346287180924,1735.4013404061684,1018.0815928173778
147,147.0,848.3131079970298,1726.829984114919,1028.3090350717177
148,148.0,822.0847127674264,1717.8001123798613,1038.379171667365
149,149.0,796.6331882689999,1708.3302246184262,1048.288518589492
150,150.0,771.9420483566043,1698.4388509137402,1058.03380120555
151,151.0,747.9946243579128,1688.1445042554067,1067.6119531062486
152,152.0,724.77411156416,1677.4656356171295,1077.020114477059
153,153.0,702.2636132872503,1666.4205919062153,1086.2556300318909
154,154.0,680.4461824388553,1655.027576797546,1095.3160465407298
155,155.0,659.3048606077325,1643.3046144440966,1104.1991099829202
156,156.0,638.8227146303535,1631.269516037522,1112.9027623574807
157,157.0,618.9828706670114,1618.939849175744,1121.4251381813535
158,158.0,599.7685458108899,1606.332909979789,1129.7645607058414
159,159.0,581.1630772711612,1593.4656978893502,1137.9195378806983
160,160.0,563.1499491830635,1580.3548930555612,1145.888758094427
161,161.0,545.7128171081789,1567.0168362402233,1153.6710857183216
162,162.0,528.8355302968424,1553.4675111231095,1161.2655564806955
163,163.0,512.5021517918659,1539.7225289128942,1168.6713726965618
164,164.0,496.6969764586385,1525.7971151525933,1175.8878983768147
165,165.0,481.40454703127295,1511.7060986070542,1182.914654239703
166,166.0,466.60966826790144,1497.4639021178855,1189.7513126460956
167,167.0,452.2974193105897,1483.0845353101483,1196.3976924787517
168,168.0,438.45316434673407,1468.5815890350282,1202.853753984502
169,169.0,425.06256166933616,1453.9682314334768,1209.1195935969608
170,170.0,412.11157123330526,1439.2572055073204,1215.195438756117
171,171.0,399.5864608040173,1424.4608280865057,1221.0816427398975
172,172.0,387.4738107928482,1409.5909900838924,1226.7786795215834
173,173.0,375.76051787238083,1394.6591579321876,1232.2871386657712
174,174.0,364.4337974615386,1379.6763761012207,1237.6077202744327
175,175.0,353.48118516809774,1364.6532705976483,1242.741229993524
176,176.0,342.89053727293776,1349.600053353329,1247.6885740895457
177,177.0,332.6500303370701,1334.5265274129265,1252.4507546044522
178,178.0,322.7481600089951,1319.4420928357456,1257.0288645963503
179,179.0,313.1737391063186,1304.355753231326,1261.4240834725333
180,180.0,303.91589504186635,1289.2761228528595,1265.6376724205388
181,181.0,294.96406666080134,1274.211434177036,1269.6709699421235
182,182.0,286.3080005515066,1259.1695459034033,1273.525387494299
183,183.0,277.93774688928346,1244.1579513107476,1277.2024052408728
184,184.0,269.84365486824885,1229.183786912309,1280.703567917294
185,185.0,262.01636777322335,1214.2538413558443,1284.030480810996
186,186.0,254.44681773989637,1199.3745645186088,1287.1848058588776
187,187.0,247.1262202481598,1184.552076751231,1290.1682578630514
188,188.0,240.04606839021858,1169.7921782282128,1292.9826008255222
189,189.0,233.19812695193204,1155.1003583663628,1295.6296444020256
190,190.0,226.57442634281955,1140.4818052758808,1298.111240474875
191,191.0,220.1672564072795,1125.941415212052,1300.4292798443098
192,192.0,213.9691601468304,1111.48380199856,1302.5856890375203
193,193.0,207.97292738058212,1097.1133063963166,1304.5824272342434
194,194.0,202.17158836869012,1082.834005394417,1306.4214833075669
195,195.0,196.5584074212304,1068.6497214023616,1308.1048729783581
196,196.0,191.12687651275814,1054.5640313250633,1309.6346360815332
197,197.0,185.87070892077446,1040.5802755043708,1311.0128339422133
198,198.0,180.78383290442056,1026.7015665128888,1312.2415468596614
199,199.0,175.86038543794237,1012.9307977877797,1313.3228716967726
200,200.0,171.09470601181582,999.2706520939976,1314.2589195727728
201,201.0,166.48133051289136,985.7236098080181,1315.0518136567034
202,202.0,162.0149851934963,972.2919570146263,1315.7036870591867
203,203.0,157.69058073812468,958.9777934106875,1316.2166808199188
204,204.0,153.50320643513743,945.7830400110759,1316.5929419882862
205,205.0,149.44812445978704,932.7094466530763,1316.8346217944788
206,206.0,145.52076427386552,919.7585992966061,1316.9438739084483
207,207.0,141.7167171463445,906.9319271185425,1316.922852784055
208,208.0,138.03173079853062,894.2307094002873,1316.773712085752
209,209.0,134.46170417648833,881.6560822084577,1316.4986031951548
210,210.0,131.0026823527844,869.2090448692783,1316.0996737948733
211,211.0,127.65085155897648,856.8904662378492,1315.579066527002
212,212.0,124.40253434969974,844.701090764013,1314.9389177236915
213,213.0,121.25418489869412,832.6415443570108,1314.1813562072657
214,214.0,118.20238442665789,820.7123400515417,1313.308502157385
215,215.0,115.24383676040478,808.9138834781983,1312.3224660427986
216,216.0,112.37536402244166,797.246478141572,1311.225347615281
217,217.0,109.59390244976298,785.7103305095847,1310.0192349633896
218,218.0,106.89649834037883,774.3055549178367,1308.7062036237417
219,219.0,104.28030412584842,763.03217829295,1307.2883157475537
220,220.0,101.7425745678785,751.8901446990404,1305.7676193202503
221,221.0,99.28066307686504,740.8793197115809,1304.146147431999
222,222.0,96.89201815010077,729.9994946230125,1302.4259175970908
223,223.0,94.57417992724206,719.2503904845331,1300.6089311201413
224,224.0,92.324776860521,708.6316619885416,1298.6971725071458
225,225.0,90.1415224971016,698.1429011962457,1296.692608919481
226,226.0,88.02221237091067,687.7836411149469,1294.597189669007
227,227.0,85.96472100122236,677.5533591295164,1292.4128457524735
228,228.0,83.96699899523843,667.4514802925488,1290.1414894235013
229,229.0,82.02707025188302,657.4773804776513,1287.7850138004621
230,230.0,80.1430292640194,647.630389400277,1285.3452925086353
231,231.0,78.3130385162955,637.9097935104598,1282.8241793550776
232,232.0,76.5353259758339,628.3148387617433,1280.2235080346968
233,233.0,74.80818267299898,618.8447332605256,1277.5450918660715
234,234.0,73.12996036949892,609.4986497999637,1274.7907235556142
235,235.0,71.49906931111043,600.2757282825035,1271.9621749887244
236,236.0,69.91397606235161,591.1750780350077,1269.0611970466284
237,237.0,68.3732014204687,582.1957800203704,1266.089519447652
238,238.0,66.87531840614906,573.3368889494094,1263.0488506117222
239,239.0,65.41895032842046,564.5974352967347,1259.9408775469342
240,240.0,64.00276892124984,555.9764272241937,1256.7672657570731
241,241.0,62.625492549407845,547.4728524153946,1253.5296591690155
242,242.0,61.28588448122266,539.0856798247135,1250.2296800789863
243,243.0,59.9827512259035,530.8138613440877,1246.8689291166806
244,244.0,58.71494093317328,522.656333390804,1243.4489852263048
245,245.0,57.481341853009795,514.612018419387,1239.9714056636285
246,246.0,56.28088085335429,506.6798263606012,1236.437726008177
247,247.0,55.1125219937071,498.8586559904769,1232.8494601897257
248,248.0,53.97526515259002,491.1473962321816,1229.2081005283023
249,249.0,52.868144706915224,483.54492739346034,1225.515117786926
250,250.0,51.790228261360205,476.05012234227695,1221.7719612363521
251,251.0,50.74061542590719,468.6618476232002,1217.9800587311204
252,252.0,49.718436639763986,461.3789645169854,1214.1408167962345
253,253.0,48.72285203994068,454.2003300457211,1210.2556207238308
254,254.0,47.7530503728131,447.12479792581996,1206.3258346792213
255,255.0,46.8082479470597,440.1512194710545,1202.352801815725
256,256.0,45.88768762641294,433.2784444477562,1198.3378443977253
257,257.0,44.99063786071951,426.5053218842176,1194.2822639314188
258,258.0,44.116391753855886,419.83070083626126,1190.187341302741
259,259.0,43.26426616709663,413.253431110866,1186.0543369219845
260,260.0,42.43360085658236,406.7723639496679,1181.8844908746391
261,261.0,41.62375764358269,400.3863526740839,1177.6790230780134
262,262.0,40.83411961629638,394.09425329373977,1173.4391334432082
263,263.0,40.06409036197657,387.89492507981544,1169.1660020420431
264,264.0,39.313093228213475,381.7872311048627,1164.860789278547
265,265.0,38.5805706122497,375.77003875058244,1160.5246360646456
266,266.0,37.865983277245235,369.8422201849955,1156.158663999699
267,267.0,37.16880969444961,364.0026528103801,1151.763975553551
268,268.0,36.488545410277595,358.2502196832951,1147.34165425278
269,269.0,35.82470243732308,352.58380990795513,1142.8927648698436
270,270.0,35.17680866838189,347.00231900417197,1138.4183536148341
271,271.0,34.54440731259002,341.5046492510271,1133.919448329572
272,272.0,33.927056352818,336.08971000739245,1129.3970586837754
273,273.0,33.32432802349467,330.7564180103708,1124.852176373063
274,274.0,32.735808308066005,325.5036976526828,1120.2857753185554
275,275.0,32.16109645532493,320.3304812399846,1115.6988118678523
276,276.0,31.599804513878027,315.2357092290601,1111.0922249971773
277,277.0,31.05155688404331,310.21833044779106,1106.4669365144878
278,278.0,30.515989886500915,305.27730229777114,1101.8238512633643
279,279.0,29.992751347045044,300.41159094039386,1097.1638573274986
280,280.0,29.481500196810952,295.6201714672081,1092.48782623561
281,281.0,28.98190608737543,290.90202805530237,1087.7966131666328
282,282.0,28.493649020152816,286.2561541084463,1083.0910571550194
283,283.0,28.016418989531335,281.681552384686,1078.3719812960187
284,284.0,27.549915639216508,277.1772351110611,1073.6401929507933
285,285.0,27.093847931269362,272.7422240860828,1068.8964839512485
286,286.0,26.647933827347455,268.3755507705821,1064.1416308044504
287,287.0,26.211899981676194,264.07625636751607,1059.3763948965252
288,288.0,25.785481445296607,259.8433918912886,1054.6015226959248
289,289.0,25.368421381153752,255.67601822712285,1049.8177459559663
290,290.0,24.960470789607196,251.57320618099587,1045.0257819165458
291,291.0,24.56138824396163,247.53403652062613,1040.22633350494
292,292.0,24.17093963563155,243.55760000798054,1035.4200895356116
293,293.0,23.78889792856941,239.6429974237494,1030.6077249089421
294,294.0,23.41504292260119,235.78933958421652,1025.789900808817
295,295.0,23.049161025327635,231.99574735093336,1020.9672648989975
296,296.0,22.691045032262732,228.26135163358785,1016.1404515182139
297,297.0,22.340493914894378,224.5852933864412,1011.3100818739223
298,298.0,21.997312616364354,220.96672359868924,1006.4767642346692
299,299.0,21.661311854476917,217.4048032790889,1001.6410941210135
300,300.0,21.332307931756837,213.89870343517566,996.8036544949573
301,301.0,21.01012255228868,210.44760504738215,991.9650159478443
302,302.0,20.694582645079898,207.05069903835488,987.1257368866833
303,303.0,20.385520193700305,203.70718623775258,982.2863637188601
304,304.0,20.08277207196047,200.4162773427962,977.4474310352056
305,305.0,19.786179885400838,197.1771928748291,972.6094617913872
306,306.0,19.49558981837243,193.98916313213311,967.7729674875957
307,307.0,19.21085248649865,190.8514281392364,962.9384483465038
308,308.0,18.931822794315938,187.76323759293632,958.1063934894707
309,309.0,18.658359797899134,184.7238508052518,953.2772811109738
310,310.0,18.390326572284803,181.7325366435087,948.4515786512495
311,311.0,18.12759008351342,178.78857346775308,943.6297429671258
312,312.0,17.870021065118067,175.89124906567724,938.8122205010335
313,313.0,17.61749389889418,173.03986058523512,933.9994474481831
314,314.0,17.369886499791395,170.23371446511598,929.1918499218981
315,315.0,17.127080204774682,167.47212636323607,924.389844117096
316,316.0,16.88895966550792,164.75442108340124,919.5938364719087
317,317.0,16.655412744718845,162.07993250028616,914.8042238274394
318,318.0,16.42633041610981,159.44800348286805,910.0213935856501
319,319.0,16.201606667683954,156.85798581644724,905.2457238653793
320,320.0,15.981138408361566,154.30924012337974,900.4775836564862
321,321.0,15.764825377766218,151.80113578264098,895.7173329721246
322,322.0,15.552570059064937,149.33305084833432,890.9653229991461
323,323.0,15.344277594751084,146.9043719672521,886.2218962466354
324,324.0,15.139855705263026,144.5144942955917,881.4873866925815
325,325.0,14.939214610335686,142.16282141492408,876.7621199286893
326,326.0,14.742266952986075,139.84876524750717,872.0464133033378
327,327.0,14.548927726037716,137.57174597103204,867.3405760626895
328,328.0,14.35911420109245,135.3311919328851,862.644909489961
329,329.0,14.172745859861696,133.1265395640054,857.9597070428601
330,330.0,13.989744327772529,130.95723329241213,853.2852544892002
331,331.0,13.810033309767201,128.82272545647314,848.6218300406999
332,332.0,13.633538528217802,126.7224762179822,843.9697044849797
333,333.0,13.460187662880761,124.65595347510833,839.3291413157647
334,334.0,13.289910292818714,122.6226327752779,834.7003968613054
335,335.0,13.122637840220014,120.62199722804644,830.083720411029
336,336.0,12.95830351604879,118.65353741801412,825.4793543404323
337,337.0,12.796842267461013,116.71675131783607,820.8875342342295
338,338.0,12.638190726924405,114.81114420137544,816.3084890077682
339,339.0,12.482287162982402,112.93622855704496,811.7424410267275
340,340.0,12.32907143260462,111.09152400137957,807.1896062251109
341,341.0,12.178484935068381,109.27655719288072,802.6501942215489
342,342.0,12.03047056731799,107.49086174617015,798.1244084339269
343,343.0,11.88497268075036,105.73397814648914,793.6124461923511
344,344.0,11.741937039377593,104.00545366457654,789.1144988504694
345,345.0,11.601310779318824,102.30484227195741,784.630751895162
346,346.0,11.463042369575538,100.63170455667166,780.1613850546155
347,347.0,11.32708157404616,98.9856076394704,775.7065724047999
348,348.0,11.193379414737377,97.36612509050605,771.266482474361
349,349.0,11.061888136131241,95.7728368465402,766.8412783479456
350,350.0,10.932561170668551,94.2053291286921,762.4311177679754
351,351.0,10.805353105310514,92.66319436074836,758.0361532348865
352,352.0,10.680219649142026,91.14603108805396,753.6565321058498
353,353.0,10.557117601981282,89.65344389700222,749.2923966919894
354,354.0,10.436004823961675,88.18504333514083,744.9438843541155
355,355.0,10.31684020605322,86.7404458319093,740.6111275969881
356,356.0,10.199583641491891,85.31927362002216,736.2942541621284
357,357.0,10.084195998086406,83.92115465751105,731.9933871191937
358,358.0,9.970639091373103,82.5457225504378,727.7086449559345
359,359.0,9.858875658590613,81.19261647628922,723.4401416667473
360,360.0,9.748869333447008,79.86148110806378,719.187986839843
361,361.0,9.640584621653144,78.55196653905925,714.9522857430447
362,362.0,9.533986877196794,77.26372820836906,710.733139408234
363,363.0,9.429042279333121,75.99642682709502,706.5306447144601
364,364.0,9.325717810267877,74.74972830528253,702.3448944697299
365,365.0,9.223981233510559,73.52330367958403,698.1759774914946
366,366.0,9.123801072875578,72.31682904165555,694.02397868585
367,367.0,9.02514659211025,71.12998546729061,689.8889791254657
368,368.0,8.927987775129148,69.96245894629486,685.7710561262603
369,369.0,8.832295306835135,68.81394031310444,681.6702833228394
370,370.0,8.738040554508013,67.68412517815037,677.5867307427105
371,371.0,8.645195549742434,66.57271385997058,673.5204648792931
372,372.0,8.553732970917357,65.47941131807085,669.4715487637377
373,373.0,8.463626126179937,64.40392708653516,665.4400420355723
374,374.0,8.374848936927322,63.34597520838591,661.4260010121887
375,375.0,8.287375921770447,62.30527417069331,657.4294787571872
376,376.0,8.201182180964391,61.281546840433684,653.4505251475938
377,377.0,8.116243381290476,60.27452040109517,649.4891869399651
378,378.0,8.03253574137573,59.283926290029484,645.5455078353963
379,379.0,7.950036017435889,58.30950013654787,641.6195285434487
380,380.0,7.86872148942851,57.35098170075886,637.71128684501
381,381.0,7.788569947603308,56.40811481314551,633.8208176541025
382,382.0,7.709559679437216,55.48064731487905,629.9481530786552
383,383.0,7.631669456942112,54.56833099886588,626.0933224802534
384,384.0,7.5548785243335415,53.67092155152449,622.2563525328803
385,385.0,7.4791665860492085,52.78817849528866,618.4372672806654
386,386.0,7.4045137951063245,51.91986513183291,614.6360881946537
387,387.0,7.330900741787332,51.06574848601621,610.8528342286095
388,388.0,7.258308442643808,50.22559925053951,607.0875218738694
389,389.0,7.186718329808769,49.39919173131254,603.3401652132577
390,390.0,7.116112240607842,48.58630379352523,599.610775974078
391,391.0,7.046472407460171,47.7867168084188,595.8993635801947
392,392.0,6.977781448060142,47.00021560075145,592.2059352032176
393,393.0,6.910022355831395,46.22658839695352,588.5304958128025
394,394.0,6.843178490644798,45.46562677396675,584.8730482260825
395,395.0,6.777233569792376,44.71712560876213,581.2335931562395
396,396.0,6.71217165920945,43.980883028530904,577.6121292602335
397,397.0,6.647977164937466,43.25670036154288,574.0086531856971
398,398.0,6.584634824820271,42.5443820886664,570.4231596170126
399,399.0,6.522129700426825,41.843735795544085,566.8556413205803
400,400.0,6.460447169193544,41.15457212541829,563.3060891892917
401,401.0,6.399572916779728,40.476704732600474,559.7744922862208
402,402.0,6.33949292962969,39.8099502365782,556.2608378875433
403,403.0,6.2801934877354695,39.15412817675372,552.7651115246963
404,404.0,6.221661157594159,38.50906096780797,549.287297025791
405,405.0,6.163882785354089,37.87457385568366,545.8273765562885
406,406.0,6.106845490144303,37.250494874181314,542.3853306589514
407,407.0,6.0505366575819215,36.636654802161836,538.9611382930806
408,408.0,5.994943933452177,36.03288712134928,535.5547768730506
409,409.0,5.940055217556061,35.43902797472758,532.1662223061528
410,410.0,5.88585865772069,34.85491612552467,528.7954490297569
411,411.0,5.832342643967648,34.28039291677787,525.4424300478039
412,412.0,5.779495802834716,33.715302231473885,522.107136966637
413,413.0,5.727306991846554,33.159490453257156,518.7895400301852
414,414.0,5.675765294130013,32.61280642770015,515.4896081545065
415,415.0,5.624860013169918,32.075101424129194,512.207308961702
416,416.0,5.574580667701288,31.54622909799943,508.94260881321134
417,417.0,5.524916986734072,31.026045453812536,505.6954728424989
418,418.0,5.475858904706609,30.51440880857088,502.4658649871395
419,419.0,5.427396556764152,30.01117975576169,499.25374802031524
420,420.0,5.379520274158889,29.516221129864988,496.05908358173065
421,421.0,5.332220579768007,29.029397971378913,492.8818322079572
422,422.0,5.285488183726475,28.55057749235622,489.7219533622153
423,423.0,5.239313979171287,28.07962904244565,486.57940546360334
424,424.0,5.193689038094049,27.616424075431965,483.4541459157826
425,425.0,5.1486046072988385,27.160836116268467,480.3461311351264
426,426.0,5.104052104462418,26.71274072859582,477.25531657834324
427,427.0,5.060023114293918,26.272015482741068,474.1816567695808
428,428.0,5.016509384791231,25.838539924190766,471.1251053270212
429,429.0,4.973502823591429,25.412195542532142,468.08561498897393
430,430.0,4.930995494412579,24.992865740856356,465.06313763947645
431,431.0,4.888979613584459,24.580435805617775,462.0576243334087
432,432.0,4.847447546665696,24.174792876943474,459.06902532113105
433,433.0,4.80639180514496,23.775825919386957,456.0972900726526
434,434.0,4.76580504322391,23.383425693120387,453.14236730133786
435,435.0,4.725680054679643,22.997484725559417,450.2042049871597
436,436.0,4.6860097698044845,22.61789728341498,447.2827503995052
437,437.0,4.646787252421019,22.244559345166287,444.3779501195428
438,438.0,4.608005696970299,21.877368573949408,441.48975006215767
439,439.0,4.569658425671267,21.51622429085584,438.6180954974621
440,440.0,4.53173888574946,21.161027448635537,435.76293107188843
441,441.0,4.494240646733127,20.811680605798884,432.92420082887156
442,442.0,4.457157397814946,20.468087901112163,430.1018482291275
443,443.0,4.420482945277589,20.13015502848119,427.2958161705347
444,444.0,4.3842112099814186,19.797789212217683,424.5060470076258
445,445.0,4.3483362249126625,19.47089918268317,421.73248257069463
446,446.0,4.3128521327904545,19.149395152305157,418.97506418452656
447,447.0,4.277753183731183,18.833188791960406,416.23373268675795
448,448.0,4.2430337329686205,18.52219320772015,413.50842844587027
449,449.0,4.208688238628375,18.21632291795224,410.79909137882635
450,450.0,4.174711259555217,17.915493830775166,408.1056609683541
451,451.0,4.1410974531918985,17.61962322185901,405.4280762798833
452,452.0,4.107841573508125,17.328629712568386,402.76627597814274
453,453.0,4.074938468978347,17.042433248442588,400.1201983434214
454,454.0,4.042383080607114,16.760955078008056,397.48978128750184
455,455.0,4.010170440000753,16.48411773191849,394.8749623692694
456,456.0,3.978295667484158,16.211845002417878,392.2756788100037
457,457.0,3.946753970261537,15.944061923121806,389.69186750835786
458,458.0,3.915540640619969,15.68069474911249,387.1234650550305
459,459.0,3.8846510541746757,15.421670937342979,384.5704077471364
460,460.0,3.854080668154934,15.166919127346056,382.0326316022799
461,461.0,3.8238250197295875,14.916369122243411,379.5100723723374
462,462.0,3.7938797243711426,14.669951870050754,377.00266555695345
463,463.0,3.7642404742574707,14.427599445274478,374.5103464167553
464,464.0,3.734903036710153,14.189245030795691,372.03304998629073
465,465.0,3.705863252668541,13.954822900037342,369.5707110866947
466,466.0,3.6771170351986324,13.72426839941033,367.1232643380882
467,467.0,3.648660368035873,13.49751793103445,364.69064417171563
468,468.0,3.6204893041610435,13.27450893573015,362.272784841824
469,469.0,3.592599964408387,13.055179876277084,359.8696204372885
470,470.0,3.5649885361051763,12.839470220935507,357.4810848929903
471,471.0,3.5376512717419355,12.627320427226607,355.1071120009487
472,472.0,3.5105844876725465,12.418671925967951,352.7476354212143
473,473.0,3.4837845628434985,12.213467105560186,350.40258869252546
474,474.0,3.4572479375515597,12.011649296521307,348.0719052427334
475,475.0,3.4309711122291655,11.813162756264747,345.75551839899947
476,476.0,3.4049506462568346,11.61795265411765,343.45336139776913
477,477.0,3.379183156801957,11.425965056575711,341.16536739452596
478,478.0,3.3536653176832933,11.237146912791053,338.89146947333006
479,479.0,3.328393858260566,11.051446040289587,336.6316006561447
480,480.0,3.303365562348518,10.868811110914434,334.3856939119546
481,481.0,3.278577267154853,10.689191636991966,332.15368216568004
482,482.0,3.2540258622414684,10.512537957717102,329.9354983068902
483,483.0,3.229708288508412,10.338801225754548,327.73107519831916
484,484.0,3.2056215372000234,10.167933394052676,325.5403456841885
485,485.0,3.181762648932716,9.99988720286684,323.3632425983397
486,486.0,3.158128712743875,9.834616166988917,321.19969877218
487,487.0,3.134716865161372,9.67207456317992,319.04964704244463
488,488.0,3.1115242892931936,9.512217417802619,316.9130202587793
489,489.0,3.0885482139367086,9.355000494651064,314.7897512911458
490,490.0,3.0657859127070997,9.200380282974045,312.6797730370543
491,491.0,3.0432347031845053,9.04831398568946,310.5830184286247
492,492.0,3.020891946079428,8.8987595077867,308.4994204394812
493,493.0,2.9987550444159727,8.751675444914158,306.4289120914827
494,494.0,2.9768214427324993,8.607021072148987,304.37142646129143
495,495.0,2.9550886262992684,8.464756332946319,302.3268966867839
496,496.0,2.933554120352691,8.324841828265175,300.29525597330587
497,497.0,2.9122154893457846,8.187238805868322,298.2764375997754
498,498.0,2.891070336214458,8.051909149793417,296.2703749246357
499,499.0,2.870116301659258,7.918815369992735,294.27700139166114
500,500.0,2.84935106344221,7.787920592138924,292.29625053561944
501,501.0,2.828772335698409,7.65918854759418,290.32805598779146
502,502.0,2.808377868262011,7.532583563540298,288.37235148135284
503,503.0,2.7881654460063023,7.408070553267119,286.42907085661875
504,504.0,2.7681328881975062,7.285615006616889,284.49814806615507
505,505.0,2.748278047862021,7.165182980582115,282.57951717975817
506,506.0,2.7285988111667803,7.046741090054507,280.6731123893057
507,507.0,2.7090930968124285,6.93025649872267,278.7788680134811
508,508.0,2.6897588554390213,6.815696910116196,276.896718502374
509,509.0,2.670594069043968,6.70303055879388,275.0265984419585
510,510.0,2.6515967504119278,6.592226201673814,273.16844255845274
511,511.0,2.6327649425564013,6.483253109503107,271.3221857225603
512,512.0,2.6140967181727355,6.376081058465072,269.4877629535974
513,513.0,2.595590179102301,6.270680321921693,267.66510942350686
514,514.0,2.577243455807576,6.167021662289279,265.85416046076153
515,515.0,2.5590547068578955,6.065076323045177,264.0548515541591
516,516.0,2.541022118425631,5.964816020863508,262.2671183565104
517,517.0,2.5231439037925556,5.866212937877883,260.4908966882235
518,518.0,2.5054183028661794,5.769239714069086,258.7261225407847
519,519.0,2.4878435817058198,5.673869439775785,256.97273208013985
520,520.0,2.4704180320582014,5.580075648326291,255.23066164997664
521,521.0,2.453139970902364,5.487832308789477,253.49984777491005
522,522.0,2.4360077400036797,5.3971138188429695,251.78022716357358
523,523.0,2.41901970547677,5.307894997756748,250.07173671161698
524,524.0,2.402174257357135,5.2201510794903285,248.3743135046132
525,525.0,2.3854698091812954,5.133857705901748,246.6878948208758
526,526.0,2.3689047975752593,5.048990920066545,245.01241813418872
527,527.0,2.352477681851144,4.965527159705021,243.34782111645006
528,528.0,2.3361869436117537,4.883443250716048,241.69404164023197
529,529.0,2.320031086362959,4.802716400815734,240.0510177812575
530,530.0,2.304008635133694,4.723324193279274,238.41868782079686
531,531.0,2.288118136103415,4.645244580784362,236.79699024798407
532,532.0,2.2723581562368493,4.568455879354518,235.18586376205602
533,533.0,2.2567272829258873,4.492936762400772,233.58524727451515
534,534.0,2.241224123638454,4.41866625486011,231.99507991121754
535,535.0,2.2258473055742125,4.345623727429157,230.41530101438764
536,536.0,2.210595475326959,4.273788890891569,228.8458501445612
537,537.0,2.195467298553552,4.2031417905376385,227.2866670824582
538,538.0,2.1804614596492464,4.133662800674644,225.73769183078636
539,539.0,2.1655766614292973,4.065332619226491,224.1988646159776
540,540.0,2.1508116248166864,3.9981322624212132,222.670125889858
541,541.0,2.1361650885358556,3.932043059564937,221.15141633125322
542,542.0,2.1216358088123126,3.8670466479009185,219.64267684753008
543,543.0,2.1072225590779836,3.8031249675522876,218.14384857607638
544,544.0,2.0929241296821957,3.7402602565471676,216.65487288571939
545,545.0,2.078739327608164,3.6784350459248416,215.17569137808482
546,546.0,2.0646669761948733,3.617632154921669,213.70624588889746
547,547.0,2.0507059148642424,3.557834686235467,212.2464784892244
548,548.0,2.036854998853449,3.499026021367111,210.79633148666218
549,549.0,2.0231130989523196,3.441189816038094,209.35574742646924
550,550.0,2.0094791012456734,3.384309995682841,207.92466909264434
551,551.0,1.9959519068605154,3.328370751014567,206.50303950895267
552,552.0,1.9825304317179817,3.273356533663498,205.09080193990016
553,553.0,1.9692136062899352,3.2192520518862917,203.68789989165748
554,554.0,1.9560003753601156,3.166042266345513,202.29427711293474
555,555.0,1.942889697789752,3.1137123859580287,200.90987759580764
556,556.0,1.929880546287543,3.062247863811219,199.5346455764966
557,557.0,1.9169719071839157,3.0116343931459086,198.16852553609922
558,558.0,1.9041627802094776,2.961857903404944,196.811462201278
559,559.0,1.8914521782775697,2.9129045563463505,195.4634005449031
560,560.0,1.8788391272708453,2.864760742220039,194.12428578665222
561,561.0,1.8663226658317835,2.817413076007026,192.79406339356785
562,562.0,1.8539018451570628,2.770848393720159,191.47267908057296
563,563.0,1.8415757287957153,2.725053748765359,190.16007881094615
564,564.0,1.8293433924509832,2.6800164083623947,188.85620879675716
565,565.0,1.8172039237858042,2.635723850024232,187.56101549926348
566,566.0,1.8051564222318506,2.5921637580940042,186.27444562926888
567,567.0,1.7931999988020524,2.5493240203386778,184.99644614744494
568,568.0,1.781333775906533,2.5071927245984904,183.7269642646162
569,569.0,1.7695568871718903,2.4657581554912644,182.46594744200988
570,570.0,1.7578684772637516,2.4250087911706952,181.21334339147072
571,571.0,1.7462677017125436,2.3849333001377535,179.9691000756421
572,572.0,1.7347537267424091,2.3455205381043336,178.733165708114
573,573.0,1.7233257291032051,2.3067595449082963,177.50548875353826
574,574.0,1.7119828959055285,2.268639541479085,176.28601792771258
575,575.0,1.700724424458701,2.2311499268530803,175.07470219763337
576,576.0,1.6895495221116612,2.1942802752378965,173.87149078151847
577,577.0,1.678457406096701,2.15802033312482,172.67633314880024
578,578.0,1.6674473033759947,2.122360016448608,171.48917902008986
579,579.0,1.656518450490861,2.0872894077938824,170.30997836711373
580,580.0,1.6456700934137087,2.052798753647356,169.13868141262188
581,581.0,1.6349014874026118,2.018878461695149,167.97523863026998
582,582.0,1.6242118968584582,1.9855190981644606,166.81960074447505
583,583.0,1.6136005951846304,1.9527113852088784,165.67171873024537
584,584.0,1.6030668646491595,1.9204461983366123,164.53154381298575
585,585.0,1.592609996249311,1.888714563880954,163.39902746827823
586,586.0,1.5822292895785515,1.8575076565122763,162.2741214216391
587,587.0,1.5719240526958507,1.8268167967908957,161.15677764825276
588,588.0,1.5616936019972754,1.7966334487601325,160.0469483726829
589,589.0,1.5515372620898265,1.7669492175789125,158.9445860685617
590,590.0,1.5414543656674822,1.7377558471932688,157.84964345825756
591,591.0,1.531444253389399,1.709045218046105,156.76207351252168
592,592.0,1.5215062737602318,1.6808093448246024,155.6818294501145
593,593.0,1.5116397830125319,1.6530403742446498,154.60886473741195
594,594.0,1.5018441449911826,1.625730582871699,153.54313308799252
595,595.0,1.4921187310398352,1.5988723749774478,152.4845884622053
596,596.0,1.4824629198893033,1.5724582804317664,151.43318506671963
597,597.0,1.4728760975478834,1.5464809526292915,150.38887735405692
598,598.0,1.463357657193559,1.5209331664501253,149.3516200221048
599,599.0,1.453906999068058,1.4958078162540769,148.32136801361457
600,600.0,1.4445235303727253,1.4710979139079032,147.29807651568183
601,601.0,1.4352066651661757,1.446796586845009,146.28170095921112
602,602.0,1.4259558242636958,1.4228970761570727,145.2721970183651
603,603.0,1.4167704351383592,1.3993927347170811,144.2695206099981
604,604.0,1.407649931823825,1.376277025333255,143.2736278930753
605,605.0,1.398593754818787,1.3535435189333633,142.28447526807707
606,606.0,1.3896013509930423,1.331185892778928,141.30201937638986
607,607.0,1.3806721734951484,1.3091979287088304,140.3262170996829
608,608.0,1.3718056816616424,1.2875735114118392,139.35702555927222
609,609.0,1.363001340927787,1.2663066267275853,138.39440211547142
610,610.0,1.3542586227398221,1.2453913599755182,137.4383043669304
611,611.0,1.3455770044686872,1.224821894311387,136.48869014996163
612,612.0,1.3369559693251927,1.2045925091107947,135.545517537855
613,613.0,1.3283950062766097,1.1846975783793807,134.60874484018115
614,614.0,1.319893609964654,1.165131569189199,133.67833060208366
615,615.0,1.3114512806248364,1.14588904014086,132.75423360356098
616,616.0,1.3030675240071572,1.126964639851014,131.83641285873745
617,617.0,1.2947418512981166,1.108353105464763,130.9248276151248
618,618.0,1.2864737790440202,1.0900492611925907,130.01943735287358
619,619.0,1.2782628290755529,1.072048016871407,129.1202017840154
620,620.0,1.2701085284335996,1.0543443665493173,128.227080851696
621,621.0,1.2620104092962898,1.03693338709372,127.34003472939962
622,622.0,1.253968008907243,1.0198102368223576,126.45902382016476
623,623.0,1.245980869504993,1.0029701541569356,125.58400875579183
624,624.0,1.2380485382535715,0.9864084562989487,124.71495039604285
625,625.0,1.230170567174227,0.9701205379273421,123.85180982783355
626,626.0,1.2223465130782596,0.9541018699176542,122.99454836441798
627,627.0,1.2145759375009537,0.9383479980822862,122.14312754456624
628,628.0,1.2068584066365846,0.9228545419315514,121.2975091317351
629,629.0,1.1991934912744822,0.9076171934551643,120.45765511323226
630,630.0,1.1915807667361333,0.8926317159238336,119.6235276993742
631,631.0,1.1840198128133017,0.8778939427106275,118.7950893226378
632,632.0,1.176510213707149,0.8633997761317878,117.97230263680645
633,633.0,1.1690515579683387,0.849145186306674,117.15513051611012
634,634.0,1.161643438438104,0.8351262100365208,116.34353605436041
635,635.0,1.1542854521902641,0.8213389497017015,115.53748256408025
636,636.0,1.1469772004741716,0.8077795721771931,114.7369335756287
637,637.0,1.1397182886585728,0.794444307765943,113.94185283632108
638,638.0,1.1325083261763682,0.7813294491498441,113.15220430954449
639,639.0,1.1253469264702514,0.7684313503580276,112.36795217386917
640,640.0,1.1182337069392176,0.7557464257521901,111.58906082215566
641,641.0,1.1111682888859213,0.7432711490286732,110.81549486065809
642,642.0,1.1041502974648698,0.7310020522370215,110.04721910812377
643,643.0,1.0971793616314387,0.7189357248147475,109.28419859488928
644,644.0,1.0902551140916927,0.707068812638036,108.5263985619732
645,645.0,1.0833771912530001,0.695398017088127,107.77378446016576
646,646.0,1.076545233175425,0.6839200941331179,107.02632194911547
647,647.0,1.0697588835238838,0.6726318534249326,106.283976896413
648,648.0,1.0630177895210537,0.6615301574112052,105.54671537667235
649,649.0,1.0563216019010195,0.6506119204618376,104.81450367060977
650,650.0,1.0496699748636455,0.6398741080099828,104.08730826412011
651,651.0,1.0430625660296597,0.6293137357072232,103.36509584735137
652,652.0,1.0364990363964386,0.6189278685927049,102.64783331377699
653,653.0,1.029979050294479,0.6087136202760012,101.93548775926646
654,654.0,1.023502275344548,0.5986681521334771,101.22802648115436
655,655.0,1.0170683824154951,0.5887886725179353,100.52541697730761
656,656.0,1.0106770455827185,0.5790724359813211,99.82762694519164
657,657.0,1.0043279420872717,0.5695167425102738,99.13462428093511
658,658.0,0.9980207522956024,0.5601189367743129,98.44637707839367
659,659.0,0.9917551596599085,0.5508764073864489,97.76285362821265
660,660.0,0.9855308506791053,0.5417865861760157,97.08402241688903
661,661.0,0.9793475148603897,0.5328469474735227,96.40985212583256
662,662.0,0.9732048446813929,0.5240550074073285,95.74031163042646
663,663.0,0.9671025355529116,0.5154083232119405,95.07536999908756
664,664.0,0.9610402857822065,0.5069044925477508,94.41499649232605
665,665.0,0.9550177965368598,0.4985411528320168,93.75916056180525
666,666.0,0.949034771809182,0.4903159805809039,93.10783184940094
667,667.0,0.9430909183811573,0.4822266907624069,92.46098018626094
668,668.0,0.9371859457899202,0.4742710361599692,91.81857559186474
669,669.0,0.9313195662937523,0.46644680674662625,91.18058827308329
670,670.0,0.9254914948385938,0.45875182906949696,90.54698862323916
671,671.0,0.9197014490250566,0.45118396564445407,89.91774722116718
672,672.0,0.9139491490759332,0.44374111436080466,89.29283483027545
673,673.0,0.908234317804194,0.4364212078958159,88.67222239760714
674,674.0,0.9025566805814607,0.42922221313892395,88.05588105290285
675,675.0,0.8969159653069535,0.42214213062546546,87.4437821076639
676,676.0,0.891311902376898,0.4151789939797753,86.83589705421652
677,677.0,0.8857442246543892,0.4083308693674954,86.2321975647768
678,678.0,0.8802126674397016,0.40159585495694283,85.63265549051704
679,679.0,0.8747169684410399,0.39497208038938775,85.03724286063299
680,680.0,0.8692568677457215,0.3884577062580939,84.44593188141245
681,681.0,0.863832107791785,0.38205092359597703,83.85869493530514
682,682.0,0.8584424333400157,0.37574995337173905,83.27550457999396
683,683.0,0.853087591446384,0.3695530459943381,82.69633354746773
684,684.0,0.8477673314348865,0.36345848082565624,82.1211547430954
685,685.0,0.8424814048707855,0.3574645657012305,81.54994124470198
686,686.0,0.8372295655342393,0.3515696364589129,80.98266630164608
687,687.0,0.8320115693943179,0.3457720564753296,80.41930333389914
688,688.0,0.8268271745833949,0.3400702162100093,79.8598259311266
689,689.0,0.8216761413719142,0.3344625327570553,79.3042078517708
690,690.0,0.8165582321435197,0.3289474494042355,78.75242302213597
691,691.0,0.8114732113705467,0.32352343519936877,78.20444553547506
692,692.0,0.8064208455898663,0.31818898452388666,77.66024965107873
693,693.0,0.801400903379078,0.3129426166734517,77.11980979336641
694,694.0,0.7964131553330454,0.30778287544551625,76.58310055097958
695,695.0,0.7914573740407673,0.3027083287337068,76.05009667587719
696,696.0,0.7865333340625811,0.2977175681289211,75.52077308243338
697,697.0,0.7816408119076915,0.29280920852702713,74.99510484653764
698,698.0,0.7767795860120204,0.28798188774305467,74.47306720469714
699,699.0,0.771949436716371,0.28323426613177255,73.9546355531417
700,700.0,0.767150146244903,0.27856502621454565,73.43978544693103
701,701.0,0.7623814986839129,0.273972872312368,72.92849259906465
702,702.0,0.7576432799609141,0.26945653018496996,72.42073287959433
703,703.0,0.7529352778240118,0.26501474667589875,71.91648231473901
704,704.0,0.7482572818215705,0.26064628936347417,71.41571708600259
705,705.0,0.7436090832821647,0.25634994621752183,70.91841352929421
706,706.0,0.738990475294813,0.2521245252617885,70.42454813405132
707,707.0,0.7344012526894876,0.2479688542419459,69.93409754236559
708,708.0,0.7298412120178972,0.24388178029908988,69.44703854811145
709,709.0,0.7253101515345363,0.23986216964864526,68.96334809607767
710,710.0,0.7208078711779997,0.2359089072645857,68.4830032811016
711,711.0,0.7163341725525557,0.2320208965688812,68.00598134720653
712,712.0,0.711888858909974,0.22819705912608731,67.53225968674177
713,713.0,0.7074717351316058,0.2244363343429901,67.06181583952583
714,714.0,0.7030826077107102,0.22073767917322362,66.5946274919926
715,715.0,0.6987212847350248,0.21710006782677801,66.13067247634038
716,716.0,0.6943875758695744,0.21352249148431698,65.66992876968428
717,717.0,0.6900812923397165,0.21000395801622482,65.21237449321133
718,718.0,0.6858022469144178,0.20654349170630534,64.757987911339
719,719.0,0.6815502538897591,0.20314013298005548,64.30674743087668
720,720.0,0.6773251290726651,0.1997929381374377,63.85863160019035
721,721.0,0.6731266897648545,0.19650097909007716,63.41361910837039
722,722.0,0.6689547547470085,0.1932633431028101,62.9716887844027
723,723.0,0.6648091442631525,0.19007913253951172,62.532819596342904
724,724.0,0.6606896800052495,0.18694746461313244,62.0969906504939
725,725.0,0.656596185098,0.1838674711398732,61.66418119058657
726,726.0,0.6525284840838464,0.1808382982974312,61.23437059696386
727,727.0,0.6484864029081792,0.17785910638724867,60.80753838576809
728,728.0,0.6444697689047394,0.17492906960069848,60.38366420813159
729,729.0,0.6404784107812177,0.17204737578914153,59.96272784937067
730,730.0,0.6365121586050432,0.16921322623779148,59.54470922818297
731,731.0,0.6325708437893627,0.16642583544332443,59.12958839584806
732,732.0,0.6286542990792048,0.163684430895171,58.717345535431555
733,733.0,0.6247623585378274,0.16098825286043011,58.30796096099249
734,734.0,0.6208948575332447,0.15833655417234452,57.90141511679415
735,735.0,0.6170516327249325,0.15572860002227917,57.497688576518314
736,736.0,0.6132325220507068,0.15316366775514426,57.09676204248291
737,737.0,0.6094373647137754,0.1506410466682061,56.698616344863076
738,738.0,0.6056660011699582,0.14816003781322976,56.303232440915714
739,739.0,0.6019182731150742,0.14571995380189817,55.91059141420744
740,740.0,0.5981940234724923,0.14332011861445348,55.520674473846
741,741.0,0.5944930963808444,0.14095986741150757,55.133462953715224
742,742.0,0.5908153371818967,0.13863854634896883,54.74893831171333
743,743.0,0.5871605924085782,0.13635551239603405,54.36708212899483
744,744.0,0.5835287097731632,0.13411013315619436,53.987876109215826
745,745.0,0.5799195381556062,0.13190178669120542,53.611302077782874
746,746.0,0.5763329275920254,0.1297298613479729,53.2373419811053
747,747.0,0.5727687292633342,0.1275937555883047,52.865977885851045
748,748.0,0.5692267954840184,0.12549287782148297,52.49719197820597
749,749.0,0.5657069796910549,0.12342664623960826,52.130966563136745
750,750.0,0.5622091364329718,0.12139448865567132,51.767284063657186
751,751.0,0.5587331213590475,0.11939584234430595,51.40612702009815
752,752.0,0.5552787912086454,0.11743015388517952,51.0474780893809
753,753.0,0.5518460038006842,0.11549687900897697,50.69132004429409
754,754.0,0.5484346180232392,0.11359548244593552,50.33763577277412
755,755.0,0.5450444938232757,0.11172543777688779,49.98640827718916
756,756.0,0.5416754921965095,0.10988622728677189,49.63762067362661
757,757.0,0.5383274751773943,0.10807734182056747,49.29125619118409
758,758.0,0.5350003058292344,0.10629828064161774,48.947298171264
759,759.0,0.5316938482344196,0.10454855129229777,48.60573006687157
760,760.0,0.528407967484781,0.10282766945699032,48.266535441916396
761,761.0,0.5251425296720666,0.10113515882733093,47.92969797051755
762,762.0,0.5218974018785338,0.09947055096968481,47.5952014363122
763,763.0,0.5186724521676576,0.09783338519481834,47.263029731767716
764,764.0,0.5154675495749527,0.09622320842972905,46.93316685749729
765,765.0,0.5122825640989085,0.09463957509159819,46.60559692157911
766,766.0,0.509117366692034,0.09308204696383084,46.28030413887897
767,767.0,0.505971829252012,0.09155019307414893,45.95727283037645
768,768.0,0.5028458246129602,0.0900435895747031,45.63648742249456
769,769.0,0.4997392265367993,0.08856181962417013,45.31793244643284
770,770.0,0.496651909704724,0.08710447327180287,45.00159253750405
771,771.0,0.49358374970877744,0.0856711473434005,44.687452434474245
772,772.0,0.49053462304352685,0.08426144532916711,44.375496978906355
773,773.0,0.4875044070978387,0.08287497727342755,44.0657111145073
774,774.0,0.48449298014675235,0.0815113596661696,43.758079886478484
775,775.0,0.4815002213434504,0.08017021533638231,43.452588440869796
776,776.0,0.4785260107113248,0.07885117334716078,43.14922202393707
777,777.0,0.47557022913613656,0.07755386889254794,42.84796598150298
778,778.0,0.4726327583582688,0.07627794319608477,42.548805758321386
779,779.0,0.4697134809650704,0.07502304341104062,42.251726897445096
780,780.0,0.4668122803832905,0.07378882252229561,41.956715039597086
781,781.0,0.46392904087160103,0.07257493924984805,41.66375592254513
782,782.0,0.46106364751320744,0.07138105795391966,41.37283538047981
783,783.0,0.4582159862085451,0.07020684854163238,41.083939343396
784,784.0,0.45538594366806096,0.06905198637523044,40.797053836477644
785,785.0,0.4525734074050788,0.06791615218182248,40.51216497948605
786,786.0,0.4497782657287473,0.06679903196461817,40.229258986151464
787,787.0,0.4470004077370694,0.06570031691563478,39.94832216356805
788,788.0,0.4442397233100118,0.06461970332984929,39.669340911592236
789,789.0,0.4414961031026938,0.06355689252077207,39.39230172224439
790,790.0,0.4387694385386539,0.06251159073741866,39.11719117911388
791,791.0,0.4360596218031934,0.06148350908265639,38.84399595676746
792,792.0,0.4333665458367957,0.06047236343290314,38.57270282016091
793,793.0,0.4306901043286205,0.059477874359155775,38.30329862405412
794,794.0,0.4280301917100714,0.05849976704932627,38.035770312429335
795,795.0,0.42538670314843663,0.05753777123186391,37.770104917912825
796,796.0,0.4227595345406006,0.056591621100642094,37.50628956119975
797,797.0,0.4201485825068271,0.05566105524108896,37.244311450482364
798,798.0,0.41755374438461085,0.05474581655754119,36.9841578808814
799,799.0,0.4149749182225992,0.05384565220180064,36.725816233880806
800,800.0,0.4124120027745801,0.05296031350287398,36.469273976765656
801,801.0,0.40986489749353794,0.052089555897875665,36.21451866206333
802,802.0,0.4073335025257745,0.051233138864075024,35.96153792698786
803,803.0,0.40481771870509514,0.05039082585206846,35.710319492887585
804,804.0,0.40231744754705906,0.04956238422005814,35.460851164695896
805,805.0,0.3998325912432925,0.0487475851692189,35.21312083038522
806,806.0,0.3973630526558644,0.047946203680135226,34.967116460424215
807,807.0,0.3949087353117232,0.04715801845029065,34.72282610723805
808,808.0,0.39246954339719475,0.046382811832592165,34.48023790467189
809,809.0,0.3900453817525391,0.045620369774912406,34.23934006745751
810,810.0,0.38763615586656724,0.04487048176063283,34.000120890683064
811,811.0,0.38524177187131514,0.04413294075017127,33.76256874926589
812,812.0,0.3828621365367756,0.04340754312347754,33.52667209742853
813,813.0,0.3804971572656864,0.0426940886234811,33.29241946817777
814,814.0,0.37814674208837423,0.04199238030047497,33.05979947278676
815,815.0,0.3758107996576539,0.041302224457420364,32.828800800280256
816,816.0,0.3734892392437816,0.040623430596156904,32.599412216922865
817,817.0,0.37118197072946174,0.039955811364503206,32.37162256571037
818,818.0,0.36888890460490686,0.039299182504233324,32.14542076586404
819,819.0,0.36660995196294927,0.038653362799914354,31.920795812328034
820,820.0,0.3643450244942043,0.03801817402859104,31.69773677526974
821,821.0,0.3620940344822845,0.037393440910303284,31.476232799583137
822,822.0,0.3598568947990636,0.0367789910594228,31.25627310439516
823,823.0,0.35763351889998996,0.03617465493679536,31.037846982574987
824,824.0,0.3554238208194488,0.03558026580267522,30.820943800246333
825,825.0,0.35322771516617235,0.03499565967043868,30.605552996302638
826,826.0,0.35104511711869796,0.034420675261063786,30.391664081925224
827,827.0,0.3488759424208723,0.03385515395836355,30.17926664010436
828,828.0,0.34672010737740216,0.0332989397649602,29.968350325163215
829,829.0,0.3445775288494512,0.03275187925898813,29.75890486228472
830,830.0,0.34244812425028076,0.03221382155151355,29.550920047041316
831,831.0,0.34033181154093617,0.03168461824465891,29.344385744927543
832,832.0,0.338228509225976,0.03116412339042042,29.139291890895496
833,833.0,0.33613813634924533,0.03065219345016724,28.93562848889313
834,834.0,0.33406061248969093,0.03014868725481101,28.733385611405378
835,835.0,0.33199585775721924,0.029653465965634576,28.53255339899809
836,836.0,0.32994379278859565,0.029166393035769084,28.33312205986476
837,837.0,0.32790433874338476,0.02868733417230862,28.135081869376066
838,838.0,0.32587741729993147,0.02821615729905188,27.938423169632156
839,839.0,0.3238629506513818,0.027752732519860466,27.74313636901772
840,840.0,0.32186086150174326,0.027296932082623588,27.549211941759793
841,841.0,0.31987107306198437,0.02684863034381915,27.3566404274883
842,842.0,0.3178935090461723,0.0264077037336613,27.16541243079932
843,843.0,0.3159280936676491,0.025974030721824814,26.975518620821063
844,844.0,0.31397475163524485,0.025547491783736623,26.786949730782535
845,845.0,0.312033408149528,0.025127969367425226,26.599696557584892
846,846.0,0.3101039888990927,0.02471534786091866,26.413749961375473
847,847.0,0.3081864200568814,0.02430951356018199,26.22910086512445
848,848.0,0.30628062827654423,0.02391035463758532,26.045740254204183
849,849.0,0.3043865406888323,0.02351776111089365,25.863659175971133
850,850.0,0.3025040848980269,0.02313162481276978,25.682848739350444
851,851.0,0.3006331889784021,0.02275183936078192,25.50330011442312
852,852.0,0.298773781470722,0.022378300127907536,25.325004532015765
853,853.0,0.2969257913787709,0.022010904213525247,25.14795328329293
854,854.0,0.29508914816591697,0.021649550414886722,24.972137719352016
855,855.0,0.293263781751708,0.021294139199060574,24.7975492508207
856,856.0,0.2914496225084998,0.020944572675340462,24.624179347456945
857,857.0,0.2896466012581167,0.020600754568109707,24.4520195377515
858,858.0,0.28785464926854265,0.02026259019015487,24.28106140853292
859,859.0,0.28607369825064416,0.019929986416420853,24.11129660457509
860,860.0,0.2843036803549236,0.019602851658200172,23.94271682820723
861,861.0,0.2825445281683028,0.01928109583774929,23.775313838926365
862,862.0,0.2807961747109366,0.018964630363324866,23.60907945301226
863,863.0,0.27905855343305624,0.018653368104632993,23.444005543144804
864,864.0,0.2773315982118413,0.018347223368684586,23.280084038023837
865,865.0,0.27561524334832116,0.018046111876050205,23.117306921991357
866,866.0,0.27390942356430475,0.01774995073750766,22.955666234656178
867,867.0,0.27221407399933834,0.017458658431075948,22.79515407052096
868,868.0,0.27052913020769104,0.017172154779429065,22.635762578611626
869,869.0,0.26885452815536853,0.016890360927683458,22.477483962109137
870,870.0,0.26719020421715284,0.01661319932155288,22.32031047798365
871,871.0,0.2655360951736699,0.01634059368586461,22.16423443663098
872,872.0,0.263892138208483,0.016072469003431,22.009248201511422
873,873.0,0.26225827090521303,0.01580875149427053,21.855344188790877
874,874.0,0.26063443124468383,0.015549368595172535,21.702514866984284
875,875.0,0.259020557602094,0.015294248939599912,21.550752756601348
876,876.0,0.25741658874421325,0.015043322337924258,21.400050429794536
877,877.0,0.2558224638266042,0.014796519757987877,21.250400510009353
878,878.0,0.2542381223908687,0.014553773305987274,21.101795671636868
879,879.0,0.2526635043619186,0.014315016207672823,20.95422863966847
880,880.0,0.2510985500452706,0.014080182789859333,20.80769218935287
881,881.0,0.2495432001243649,0.013849208462242413,20.6621791458553
882,882.0,0.24799739565790752,0.013622029699515542,20.517682383918938
883,883.0,0.24646107807723583,0.013398584023782866,20.3741948275285
884,884.0,0.24493418918370718,0.013178809987262844,20.231709449576037
885,885.0,0.24341667114611018,0.012962647155277911,20.090219271528877
886,886.0,0.24190846649809847,0.012750036089525428,19.949717363099726
887,887.0,0.24040951813564687,0.01254091833162526,19.810196841918923
888,888.0,0.23891976931452943,0.012335236386939407,19.671650873208808
889,889.0,0.23743916364781908,0.012132933708659182,19.534072669460215
890,890.0,0.23596764510340898,0.011933954682155508,19.39745549011108
891,891.0,0.234505158001555,0.01173824460958796,19.261792641227125
892,892.0,0.23305164701243913,0.011545749694768308,19.12707747518463
893,893.0,0.23160705715375393,0.011356417028274309,18.993303390355283
894,894.0,0.23017133378830704,0.01117019457280962,18.86046383079308
895,895.0,0.22874442262164651,0.010987031148805768,18.728552285923254
896,896.0,0.22732626969970582,0.010806876420262151,18.597562290233277
897,897.0,0.22591682140646896,0.010629680880820143,18.467487422965846
898,898.0,0.224516024461655,0.01045539584006742,18.338321307813892
899,899.0,0.22312382591842214,0.01028397341006871,18.210057612617597
900,900.0,0.22174017316109101,0.010115366492119197,18.082690049063373
901,901.0,0.2203650139028868,0.00994952876371691,17.95621237238485
902,902.0,0.21899829618370034,0.009786414665750476,17.830618381065793
903,903.0,0.2176399683678677,0.009625979389898648,17.70590191654499
904,904.0,0.21628997914196788,0.00946817886623813,17.58205686292307
905,905.0,0.21494827751263926,0.009312969751056244,17.459077146671273
906,906.0,0.21361481280441338,0.009160309414865031,17.336956736342085
907,907.0,0.21228953465756695,0.009010155930613483,17.215689642281838
908,908.0,0.21097239302599113,0.008862468062094595,17.09526991634517
909,909.0,0.20966333817507846,0.008717205252544042,16.975691651611378
910,910.0,0.20836232067962682,0.008574327613427277,16.856948982102622
911,911.0,0.20706929142176042,0.008433795913411975,16.73903608250404
912,912.0,0.20578420158886776,0.008295571567522704,16.621947167885644
913,913.0,0.20450700267155605,0.008159616626474858,16.50567649342612
914,914.0,0.20323764646162232,0.008025893766184842,16.3902183541384
915,915.0,0.2019760850500407,0.007894366277453628,16.275567084597093
916,916.0,0.2007222708249658,0.007764998055820786,16.161717058667687
917,917.0,0.19947615646975217,0.007637753591586185,16.04866268923757
918,918.0,0.19823769496098953,0.007512597959996581,15.936398427948824
919,919.0,0.19700683956655354,0.0073894968115943704,15.824918764932782
920,920.0,0.1957835438436722,0.007268416362725826,15.714218228546368
921,921.0,0.19456776163700734,0.00714932338620616,15.60429138511017
922,922.0,0.19335944707675146,0.007032185202138847,15.495132838648262
923,923.0,0.1921585545767393,0.0069169696688866295,15.386737230629745
924,924.0,0.19096503883257473,0.0068036451741917085,15.279099239712025
925,925.0,0.1897788548197717,0.006692180626442653,15.172213581485783
926,926.0,0.18859995779191013,0.006582545446085593,15.066075008221647
927,927.0,0.1874283032788062,0.0064747095571773125,14.960678308618556
928,928.0,0.1862638470846965,0.006368643379077897,14.856018307553798
929,929.0,0.18510654528643675,0.0062643178182806205,14.752089865834712
930,930.0,0.1839563542317141,0.006161704260376812,14.648887879952051
931,931.0,0.1828132305372735,0.006060774562153459,14.546407281834991
932,932.0,0.18167713108715744,0.005961501043821354,14.444643038607769
933,933.0,0.18054801303095952,0.005863856481371628,14.343590152347952
934,934.0,0.17942583378209115,0.005767814099058546,14.24324365984633
935,935.0,0.17831055101606189,0.00567334756200647,14.143598632368397
936,936.0,0.17720212266877233,0.0055804309689389455,14.044650175417438
937,937.0,0.17610050693482057,0.00548903884502789,13.946393428499205
938,938.0,0.17500566226582118,0.0053991461348608764,13.84882356488816
939,939.0,0.17391754736873696,0.0053107281955246,13.751935791395292
940,940.0,0.17283612120422354,0.005223760789802558,13.65572534813748
941,941.0,0.1717613429849861,0.005138220079485095,13.560187508308415
942,942.0,0.17069317217414884,0.005054082618789928,13.465317577951051
943,943.0,0.16963156848363642,0.004971325347891332,13.371110895731581
944,944.0,0.1685764918725676,0.004889925586556199,13.277562832714938
945,945.0,0.16752790254566094,0.004809861027885189,13.1846687921418
946,946.0,0.16648576095165235,0.0047311097321572375,13.092424209207085
947,947.0,0.16545002778172455,0.004653650120775717,13.000824550839956
948,948.0,0.16442066396794786,0.00457746097031457,12.909865315485284
949,949.0,0.16339763068173294,0.004502521406662749,12.81954203288659
950,950.0,0.16238088933229466,0.004428810899265354,12.729850263870452
951,951.0,0.16137040156512758,0.004356309255459858,12.640785600132352
952,952.0,0.1603661292604924,0.004284996614905853,12.55234366402398
953,953.0,0.15936803453191362,0.004214853444106761,12.464520108341961
954,954.0,0.15837607972468834,0.0041458605310220106,12.377310616118008
955,955.0,0.15739022741440575,0.0040779989797681505,12.290710900410492
956,956.0,0.15641044040547758,0.004011250205407465,12.204716704097416
957,957.0,0.15543668172967923,0.003945595928822618,12.119323799670788
958,958.0,0.1544689146447015,0.0038810181716759148,12.034527989032382
959,959.0,0.15350710263271272,0.003817499251451782,11.950325103290872
960,960.0,0.1525512093989315,0.003755021776581088,11.86671100256035
961,961.0,0.1516011988702096,0.0036935686416459503,11.783681575760193
962,962.0,0.1506570351936251,0.0036331230226637006,11.70123274041629
963,963.0,0.1497186827350858,0.0035736683724486985,11.619360442463602
964,964.0,0.14878610607794224,0.003515188416050707,11.538060656050082
965,965.0,0.14785927002161137,0.003457667146268564,11.457329383341891
966,966.0,0.14693813958020926,0.0034010888192379032,11.37716265432996
967,967.0,0.14602267998119425,0.0033454379500917055,11.297556526637843
968,968.0,0.14511285666401927,0.003290699308692471,11.218507085330879
969,969.0,0.14420863527879402,0.003236857915434831,11.14001044272665
970,970.0,0.14330998168495668,0.003183899037117434,11.062062738206718
971,971.0,0.14241686194995476,0.0031318081828829647,10.984660138029641
972,972.0,0.1415292423479355,0.0030805711002251626,10.907798835145263
973,973.0,0.14064708935844547,0.0030301737710617407,10.83147504901025
974,974.0,0.1397703696651393,0.002980602407872109,10.755685025404889
975,975.0,0.13889905015449755,0.002931843449898836,10.680425036251133
976,976.0,0.13803309791455337,0.00288388355941179,10.605691379431875
977,977.0,0.1371724802336284,0.00283670961803393,10.531480378611445
978,978.0,0.13631716459907725,0.0027903087231277253,10.457788383057345
979,979.0,0.13546711869604086,0.0027446681842411952,10.384611767463175
980,980.0,0.1346223104062085,0.002699775519612598,10.311946931772775
981,981.0,0.1337827078065884,0.0026556184527327846,10.239790301005561
982,982.0,0.13294827916828697,0.002612184908964275,10.16813832508305
983,983.0,0.13211899295529633,0.0025694630122161124,10.096987478656557
984,984.0,0.13129481782329036,0.0025274410816735794,10.026334260936082
985,985.0,0.13047572261842902,0.002486107628581869,9.956175195520347
986,986.0,0.12966167637617088,0.002445451353082812,9.88650683022799
987,987.0,0.12885264832009385,0.002405461141103794,9.817325736929925
988,988.0,0.12804860786072417,0.0023661260612979924,9.748628511382826
989,989.0,0.12724952459437297,0.0023274353620350912,9.68041177306376
990,990.0,0.12645536830198142,0.0022893784684416304,9.612672165005932
991,991.0,0.12566610894797325,0.002251944979490185,9.545406353635576
992,992.0,0.12488171667911538,0.002215124665136548,9.478611028609922
993,993.0,0.1241021618233862,0.0021789074635041425,9.412282902656305
994,994.0,0.12332741488885163,0.0021432834781148703,9.346418711412346
995,995.0,0.12255744656254873,0.0021082429751656355,9.28101521326724
996,996.0,0.12179222770937698,0.002073776380849786,9.216069189204122
997,997.0,0.12103172937099689,0.002039874278722732,9.151577442643502
998,998.0,0.12027592276473628,0.002006527407111015,9.087536799287784
999,999.0,0.11952477928250375,0.0019737266565641007,9.023944106966841
